"","X1","X2","X3","X4","X5","X6","X7","X8","X9","X10","X11","X12","X13","X14","X15","X16","X17","X18","X19","X20","X21","X22","X23","X24","X25","X26","X27","X28","X29","X30","X31","X32","X33","X34","X35","X36","X37","X38","X39","X40","X41","X42","X43","X44","X45","X46","X47","X48","X49","X50","X51","X52","X53","X54","X55","X56","X57","X58","X59","X60","X61","X62","X63","X64","X65","X66","X67","X68","X69","X70","X71","X72","X73"
"1",0,0.245122458032985,0,0,1.32175583998232,1.7730673362159,1.74435723033347,3.9458875193809,3.16875143768563,0.441832752279039,0.980829253011726,1.87180217690159,3.03120666174765,4.9230176727716,0,3.45701745175985,0.494018505449609,0.441832752279039,1.18716568600955,0,0,0.441832752279039,2.21859943692095,1.7588153135087,0.441832752279039,5.02916623441935,0.441832752279039,4.39958000225478,5.20857499104718,0.441832752279039,0,5.26685536548313,0.245122458032985,4.56086992709151,0,0.245122458032985,0,0.245122458032985,0.476924072090309,1.29928298413026,4.21950770517611,0.245122458032985,2.53677848049484,3.78039456294971,0.606135803570316,0.245122458032985,2.77258872223978,1.87606657568805,4.14665585679011,5.03749358159912,0,3.68679394762292,5.31156259329806,1.52242653544447,0,1.30683018976564,2.83972802507741,0.835321669340488,1.71978596960297,0,0.45953232937844,0,0,0.870828357797398,1.97330912324343,0.245122458032985,4.5804220162989,0,0,0.245122458032985,0.870828357797398,0,2.58189891577531
"2",0.245122458032985,0,4.7673835132387,3.46660358181295,3.80974415630773,3.02986527992345,1.56397553835734,0.245122458032985,1.65822807660353,2.09665367056096,0.606135803570316,1.27629346590556,1.73460105538811,0.882389180198474,2.79829707894999,0.773189888233482,1.96944064646551,3.00265271639856,4.74105990668074,3.48550448812215,2.46857023046831,2.21859943692095,0,3.54095932403731,0,0.441832752279039,0.823200308808143,2.66452393605232,0.760286483397574,3.29891853254174,1.64222773525709,0,3.19526595922907,0.650587566141149,1.22866541691631,1.32175583998232,0.245122458032985,0.823200308808143,2.49182709263257,3.8286413964891,1.49788542652835,0.92734056806074,0,0.441832752279039,5.77842601765197,5.30785507102853,0,3.3682532259428,1.24479479884619,0.93826963859293,1.32175583998232,3.48380091019737,1.54637977646696,1.8929446134754,1.57553636075842,1.06087196068526,4.16018431971764,3.7948647745406,1.65292302437384,0,1.17865499634165,0.245122458032985,0.798507696217772,1.21227160714063,2.04049856773123,1.17865499634165,3.46833668449978,0,0,0.45953232937844,1.87606657568805,0.92734056806074,1.80555279136039
"3",0,4.7673835132387,0,3.28964489575641,2.66838494470978,0.893817876022097,2.39283197084182,0.45953232937844,1.52242653544447,1.25276296849537,0.606135803570316,0.980829253011726,2.32727770558442,1.22050210627715,2.0654552997051,1.30683018976564,0.882389180198474,4.07423633267876,3.04187342955185,3.69441963448955,5.05960180955792,0.245122458032985,0.245122458032985,2.11357454804929,0.245122458032985,0.266628663253949,4.17652174242427,1.23676262714893,0.916290731874155,3.51650822817315,0.245122458032985,0.760286483397574,2.31363492918063,1.53447487396065,1.64222773525709,0.245122458032985,0,0,1.01160091167848,4.04061164720518,0,0,0.606135803570316,1.72968704058568,4.8276468483146,5.24965219456676,0,2.17538283542117,0,4.17566850005169,1.13497993283898,0,2.93415233445617,5.46700473206619,0.245122458032985,0.693147180559945,4.89763248161286,4.88846766012205,1.55814461804655,0.245122458032985,1.19560455465542,0,0.245122458032985,2.7408400239252,2.22161603046038,1.8803128665695,2.22462355152433,0,0,0.606135803570316,0.245122458032985,0.494018505449609,3.27294304613848
"4",0,3.46660358181295,3.28964489575641,0,4.52329710049094,2.22762205452059,0.916290731874155,1.76358859226136,0.441832752279039,0,0.810930216216329,1.48538526376412,4.46782199483687,0.747214401830221,3.89125324394176,2.85263142991332,3.94427504926533,0,2.05483573087764,6.24793541118019,2.04049856773123,0.245122458032985,1.17865499634165,2.67223110329726,0,0,2.2033784429106,1.05121004977353,0.245122458032985,5.25096367016457,2.31911439494526,1.01160091167848,1.92586939817187,0.893817876022097,2.73002910782099,2.3434070875143,2.29141179239592,1.77777322725332,4.01688339604429,5.00208028562419,0,0.245122458032985,0,0,1.4727268668922,1.97330912324343,3.9822743439724,1.71479842809193,4.01086230409571,1.35095499467458,0.760286483397574,0.980829253011726,1.72968704058568,3.75536919538277,1.17865499634165,3.14630513203337,0.245122458032985,3.51402991215868,0.823200308808143,0.245122458032985,2.41789593950504,0,0.245122458032985,2.25421150870983,2.17853244432407,0.266628663253949,1.74435723033347,0,0.747214401830221,1.89711998488588,1.17865499634165,1.6094379124341,0.760286483397574
"5",1.32175583998232,3.80974415630773,2.66838494470978,4.52329710049094,0,4.06187876097252,4.79510160309619,4.47354174350965,1.33646198737201,5.33513133967075,0.650587566141149,4.93985511203521,4.74927052996185,0.870828357797398,2.99434241926494,3.83105394289448,1.94193400067567,2.42774823594805,3.20319801214897,5.35251615810993,2.52572864430826,1.43376089835881,0.245122458032985,4.86303717336069,0.441832752279039,0.245122458032985,5.43177931231674,0.441832752279039,1.11696142733631,5.20140868760221,6.08727964992228,3.23212105161822,0.245122458032985,4.15103990589865,1.7730673362159,1.7730673362159,5.40965995388341,3.86714185775543,5.87828029581433,3.43309074543811,1.68948062010764,0.92734056806074,4.63634580345654,1.33646198737201,4.96865522185537,2.99016122850454,1.7730673362159,0.606135803570316,2.32456399971282,0.543615446588982,0.245122458032985,3.76249127145718,0.991192040047273,3.30607236989836,4.4413432118303,4.08644305701747,4.34163857376859,3.50988568741266,1.56397553835734,0.606135803570316,1.67397643357167,1.79175946922805,0.405465108108164,2.3487262489919,1.87180217690159,0.606135803570316,3.78859908988168,0.245122458032985,0,0.664976303593249,1.05121004977353,0.45953232937844,2.43750441089342
"6",1.7730673362159,3.02986527992345,0.893817876022097,2.22762205452059,4.06187876097252,0,0.245122458032985,0.606135803570316,4.4188406077966,0,1.79637841508435,0.245122458032985,2.22762205452059,2.50098047461906,1.20397280432594,1.88875173521536,5.80329257663585,3.04979949482427,1.92181259747625,3.55296427013414,1.12601126285622,4.44526222403104,1.95774460670232,2.62103882411258,1.59263079411772,0,0.441832752279039,2.2033784429106,1.45343366395752,0.245122458032985,0,3.85838778959551,2.51903965615746,2.47793798047191,1.42042736748935,3.18727048545287,0.621173680934856,0.245122458032985,0.882389180198474,3.33715256579257,0,2.34607020493378,0.441832752279039,4.7999142627806,2.7282158706968,0,3.61091791264422,2.68368161008525,0.664976303593249,2.56708382999017,2.69500248570973,1.94193400067567,0.773189888233482,1.3143208614948,2.4614863755799,1.32913594727994,3.92032180824284,2.22762205452059,0.679160938585205,0.441832752279039,1.60386686738465,0.287682072451781,0.916290731874155,0.882389180198474,0.441832752279039,0.650587566141149,1.80555279136039,1.8632184332102,1.20397280432594,2.87794923789761,1.8803128665695,1.05121004977353,2.19413338476655
"7",1.74435723033347,1.56397553835734,2.39283197084182,0.916290731874155,4.79510160309619,0.245122458032985,0,0,0.245122458032985,2.57557645003582,0,3.38533143988584,1.78245707656574,4.59904032561255,3.39934381301283,3.01362676343054,0.760286483397574,2.17853244432407,0,4.4706859586083,0,0,2.17538283542117,0,4.0342406381524,0,0.606135803570316,0.606135803570316,0,1.71479842809193,4.23892579103321,1.54044504094715,0.245122458032985,2.98174603157925,0,0.441832752279039,4.69921694174564,0.245122458032985,5.16811376401619,0.606135803570316,0.621173680934856,0,0.441832752279039,0.773189888233482,3.52062515453142,2.33537491581704,1.09861228866811,1.82365283300401,1.47907609457086,3.25488626239123,0,2.64103949081925,1.39321480396446,0,0.266628663253949,3.09230428317874,3.58042774588644,2.74798291143758,1.04145387482816,0,1.04145387482816,0,0.245122458032985,1.29167838474504,0,0,3.02852209637698,0,0,0,0.45953232937844,0,0.441832752279039
"8",3.9458875193809,0.245122458032985,0.45953232937844,1.76358859226136,4.47354174350965,0.606135803570316,0,0,2.64103949081925,1.32913594727994,0.441832752279039,2.49869997192034,4.53230076275522,2.10345641788371,0,3.27504609633526,2.1910326070883,0.527354925717201,3.91424276216646,1.62048774862069,1.69968479028188,1.76358859226136,3.72836722562105,1.7588153135087,0,3.51485670013468,4.06426710698482,2.57133915556031,3.86481492244137,2.65285065174759,3.9544437213121,4.09202706408174,3.36056826977342,3.75796491390705,1.76833919501996,1.07044141170141,0.245122458032985,0.970357953144431,4.5166425084805,1.13497993283898,4.39376304829904,2.93562834948429,0.621173680934856,2.27155298374632,1.00144854021446,0,0.606135803570316,2.22462355152433,3.15700042115011,4.38376124048609,0,2.0654552997051,3.97186300578416,1.45990617846314,4.92564208126286,0.245122458032985,0.706940502692281,0.441832752279039,0.606135803570316,3.35476554556085,1.66350513370438,0.245122458032985,0,2.95751106073379,0.7339691750802,0.706940502692281,2.52127429395888,0.245122458032985,0.245122458032985,2.87325071711605,0.870828357797398,0,5.17347824516744
"9",3.16875143768563,1.65822807660353,1.52242653544447,0.441832752279039,1.33646198737201,4.4188406077966,0.245122458032985,2.64103949081925,0,0.245122458032985,2.62708113856854,0.494018505449609,1.73460105538811,2.87638551592142,2.35665231426432,0,4.98607693175318,2.87010606043658,0.441832752279039,3.62359991775165,4.14533688539643,0.441832752279039,3.09230428317874,3.75731661566716,0.747214401830221,5.0758680186633,0.441832752279039,4.20012165776514,4.57585579831932,2.51903965615746,0.650587566141149,3.21998631915223,3.16758253048065,5.09187386763367,3.24411029604674,1.93794197940614,0.45953232937844,2.02595285672885,3.32022831912849,3.99462653396336,1.03160157838515,3.93019030938359,2.98596248195819,6.06784671702679,0.93826963859293,0.245122458032985,3.38533143988584,1.25276296849537,3.87177954722718,2.91927110745951,1.07992015565596,4.23932635182366,4.00935134938871,0.441832752279039,2.26002547857525,0.245122458032985,4.29311952251935,2.29141179239592,1.07992015565596,0.798507696217772,0.92734056806074,1.35812348415319,1.17865499634165,3.79048292089405,2.39029067341315,0.916290731874155,2.50779094362159,0.245122458032985,0,1.45990617846314,0,0.245122458032985,3.11351530921037
"10",0.441832752279039,2.09665367056096,1.25276296849537,0,5.33513133967075,0,2.57557645003582,1.32913594727994,0.245122458032985,0,2.87638551592142,2.98315349134713,1.17007125265025,0.45953232937844,1.67397643357167,2.90264185048798,1.10782894377303,2.94589989980612,2.92226512167212,1.50407739677627,1.17007125265025,0,0.543615446588982,4.42982424293056,0.245122458032985,0,0.441832752279039,1.06087196068526,1.55814461804655,3.17805383034795,4.52690829911892,0.606135803570316,2.70805020110221,4.5976419195673,0.245122458032985,0.266628663253949,0.245122458032985,0.747214401830221,5.48893772615669,3.70745583968687,0.90511743127603,0,0.606135803570316,0,4.31748811353631,2.28577797467766,0.245122458032985,1.06087196068526,2.60474518462648,3.14391278639475,4.67852390551083,2.91023490139558,4.42883070087168,1.26066814800248,0,3.79673684997035,4.44232440569479,2.19722457733622,0.679160938585205,0.367724780125317,0.245122458032985,0.245122458032985,0.245122458032985,0.90511743127603,4.6999751877064,0.245122458032985,3.20657829705779,1.35812348415319,0,0.287682072451781,3.49144425950993,0,3.64414356027254
"11",0.980829253011726,0.606135803570316,0.606135803570316,0.810930216216329,0.650587566141149,1.79637841508435,0,0.441832752279039,2.62708113856854,2.87638551592142,0,0,3.11598140170557,3.57109641845755,1.07044141170141,3.38814966626968,2.01119244114573,2.53457825958524,0.970357953144431,2.39789527279837,3.41772668361337,0.441832752279039,5.41684086873214,1.67397643357167,0.245122458032985,0,2.58399755243223,2.46857023046831,2.74441784527308,3.11104312006499,0,0.760286483397574,0.606135803570316,3.24843462710975,1.74435723033347,1.88454120267902,0,5.44565920444596,0.494018505449609,4.24849524204936,0.245122458032985,0.367724780125317,0,0.45953232937844,4.17010460810364,0,0.266628663253949,1.54044504094715,0.606135803570316,1.55227949859415,1.94193400067567,3.72368337630863,0.606135803570316,0.266628663253949,1.81915844341617,0,3.05896786291115,3.14510967462859,0.494018505449609,0.916290731874155,1.36524095192206,1.27629346590556,3.87120101090789,1.11696142733631,1.55227949859415,0.245122458032985,4.27318785463973,3.56088824186503,4.20012165776514,1.53447487396065,0.590868331439527,0.494018505449609,3.120895416508
"12",1.87180217690159,1.27629346590556,0.980829253011726,1.48538526376412,4.93985511203521,0.245122458032985,3.38533143988584,2.49869997192034,0.494018505449609,2.98315349134713,0,0,1.66350513370438,0.494018505449609,1.59826461183598,0.245122458032985,1.74919985480926,1.3143208614948,0,1.34373474670109,4.54477123315094,0,2.05127066471314,4.6880294362994,0,2.07944154167984,4.68930706519429,1.66875448959052,1.93794197940614,5.0260711022261,3.43309074543811,0,3.43756502583303,0.773189888233482,0,0.606135803570316,4.46078646853453,3.44113009199753,3.97968165390196,2.46385324059017,0.893817876022097,0,3.3787245258101,1.20397280432594,3.91921927229874,1.45343366395752,1.14386888025623,0.476924072090309,1.20397280432594,2.3487262489919,3.60791039158027,2.96470016430626,2.21557371600442,0.245122458032985,0.245122458032985,1.51634748936809,4.26969744969996,4.31377753413978,0.606135803570316,0.441832752279039,0.606135803570316,0,0.328504066972036,2.04049856773123,0,0,1.96165850602345,0.245122458032985,0.441832752279039,1.24479479884619,0.494018505449609,0,0.93826963859293
"13",3.03120666174765,1.73460105538811,2.32727770558442,4.46782199483687,4.74927052996185,2.22762205452059,1.78245707656574,4.53230076275522,1.73460105538811,1.17007125265025,3.11598140170557,1.66350513370438,0,4.29690740583629,1.63683688662221,3.27399512408928,3.56404033273334,0.266628663253949,2.51903965615746,5.23777086668,1.80555279136039,0.747214401830221,3.31115110097737,2.25421150870983,4.36663094919591,3.50321899605447,4.68981766004838,3.70813727071835,3.42227008079739,3.28028445299684,4.46335057250347,4.94895687649128,0.72054615474806,0.93826963859293,3.31216375929176,4.05081829717221,0.441832752279039,3.61241828801946,4.87689223886114,3.70472546256401,2.37231843100872,2.13350876295011,0.328504066972036,2.60062995248137,2.85423271128029,0.476924072090309,2.35665231426432,2.59856596826052,4.78098916529448,4.33874211989714,0,2.47793798047191,4.07753744390572,2.10684051586795,2.86061231824433,3.45086899145939,0.245122458032985,1.98100146886658,1.75401914124521,0.747214401830221,2.00746804205475,1.10782894377303,1.83701606081618,4.50227576282546,0.441832752279039,0.245122458032985,2.9041650800285,0.287682072451781,0.245122458032985,4.89721771594951,1.42042736748935,1.46633706879343,2.34607020493378
"14",4.9230176727716,0.882389180198474,1.22050210627715,0.747214401830221,0.870828357797398,2.50098047461906,4.59904032561255,2.10345641788371,2.87638551592142,0.45953232937844,3.57109641845755,0.494018505449609,4.29690740583629,0,2.44956728334269,3.4578927253387,3.32022831912849,3.64123446731186,1.64758967839848,3.40304752095032,1.41369333530801,4.42949317191281,0.245122458032985,1.13497993283898,5.05977812975585,1.51023126235065,0.949080554697146,4.85830394593535,4.72541931413967,1.12601126285622,2.74798291143758,4.41145058424177,0.810930216216329,0,2.52350394928614,5.85856787364155,3.11351530921037,2.24836353882741,2.63308716262875,1.59826461183598,1.59826461183598,2.58609179403535,4.10080512922505,4.0352234392143,1.65822807660353,0.810930216216329,3.95070938781798,4.28320334668062,1.52242653544447,4.53020714751464,0,4.4530544712512,4.04888218814534,0.245122458032985,2.17853244432407,0.245122458032985,2.29980345003217,1.53447487396065,0.245122458032985,0.441832752279039,3.10608033072286,0.245122458032985,0.245122458032985,3.14630513203337,0.92734056806074,0.245122458032985,2.58399755243223,0.245122458032985,0.441832752279039,0.441832752279039,1.74435723033347,0,3.79361477437784
"15",0,2.79829707894999,2.0654552997051,3.89125324394176,2.99434241926494,1.20397280432594,3.39934381301283,0,2.35665231426432,1.67397643357167,1.07044141170141,1.59826461183598,1.63683688662221,2.44956728334269,0,0.45953232937844,2.39029067341315,0,0.245122458032985,3.5481795720108,0,1.15267950993839,0.441832752279039,4.52960816576567,3.10856480405052,0.785928914010912,0,0.441832752279039,0.245122458032985,3.31620416882876,3.67840815424664,0.245122458032985,0.847297860387203,0,0.870828357797398,1.32913594727994,3.73036789317735,2.01859988242359,4.13338719684228,0.859132318034206,3.53692543393638,0.747214401830221,0.45953232937844,2.06192795918713,0.494018505449609,1.59263079411772,2.52794840104657,0,0,0,0.266628663253949,0.650587566141149,0.308301359654517,3.91590435213612,0.760286483397574,1.80555279136039,0.441832752279039,0.441832752279039,0,0,0,0,0.245122458032985,2.9531726591352,1.44691898293633,0,2.14332880913109,0,0,0,0.266628663253949,0.245122458032985,0
"16",3.45701745175985,0.773189888233482,1.30683018976564,2.85263142991332,3.83105394289448,1.88875173521536,3.01362676343054,3.27504609633526,0,2.90264185048798,3.38814966626968,0.245122458032985,3.27399512408928,3.4578927253387,0.45953232937844,0,1.79637841508435,2.17853244432407,1.16141318990714,1.81915844341617,2.74976068968358,0,3.8901181700401,2.97467886435616,0.747214401830221,0,3.39748680226562,3.88841313978901,3.41954652033035,0.245122458032985,3.23102395880385,3.46486747026577,0.606135803570316,3.57732696820819,0.245122458032985,0.527354925717201,0,3.57265769902451,2.47092040781326,0.870828357797398,0.747214401830221,0,0.747214401830221,0.747214401830221,2.11357454804929,0,1.40691364832263,0,4.13026567814264,0.606135803570316,0,1.72474875894509,2.22161603046038,0.245122458032985,2.12359132629277,3.31418600467253,2.07596327730351,0.266628663253949,0.650587566141149,0,2.0654552997051,0.308301359654517,2.92076923508054,0.747214401830221,0.348306694268216,0.266628663253949,3.55930846270551,3.24627479905631,2.26868354131836,0,0.980829253011726,0,2.22762205452059
"17",0.494018505449609,1.96944064646551,0.882389180198474,3.94427504926533,1.94193400067567,5.80329257663585,0.760286483397574,2.1910326070883,4.98607693175318,1.10782894377303,2.01119244114573,1.74919985480926,3.56404033273334,3.32022831912849,2.39029067341315,1.79637841508435,0,2.50779094362159,1.17007125265025,3.63024936966253,3.04319881079291,3.76120011569356,1.99621088753011,3.74688627338829,2.18792218467391,3.53043717110992,1.10782894377303,2.36712361413162,1.65822807660353,1.20397280432594,0.747214401830221,3.42949685118352,5.05589188568438,1.87180217690159,4.94659047822667,1.56977265604167,1.09861228866811,0.590868331439527,1.78245707656574,4.53379352314586,2.56494935746154,3.02042488614436,0,6.16460052684632,1.41369333530801,0.45953232937844,5.79799777920903,1.53447487396065,0.543615446588982,3.29274567343466,4.04110004770329,1.63141681915288,2.02595285672885,0.245122458032985,2.82500985260339,1.27629346590556,1.6094379124341,1.70474809223843,1.19560455465542,0,1.8803128665695,0.245122458032985,0.245122458032985,1.54637977646696,1.05121004977353,0.706940502692281,2.37231843100872,0,0.245122458032985,2.07596327730351,1.21227160714063,0.245122458032985,1.44691898293633
"18",0.441832752279039,3.00265271639856,4.07423633267876,0,2.42774823594805,3.04979949482427,2.17853244432407,0.527354925717201,2.87010606043658,2.94589989980612,2.53457825958524,1.3143208614948,0.266628663253949,3.64123446731186,0,2.17853244432407,2.50779094362159,0,3.351851507559,0.245122458032985,1.8803128665695,2.39283197084182,1.59263079411772,0.747214401830221,3.88841313978901,2.53237318702692,2.93710218910259,2.23656399189625,1.13497993283898,2.32184290959846,2.92525019851557,0.785928914010912,2.09323486381217,0,0.245122458032985,4.86518125651483,3.3131753931666,2.40041734223108,3.61690595448885,2.45911389522627,1.07992015565596,2.31911439494526,1.5812670354674,3.30709018169106,2.92226512167212,3.77212216451814,0,2.48952559564429,0.245122458032985,1.24479479884619,0.621173680934856,0.810930216216329,0.882389180198474,3.80604501522153,2.60268968544438,0.916290731874155,5.3097792057618,2.6987478084399,1.72968704058568,0.441832752279039,1.82812711339893,0.287682072451781,0.606135803570316,0.510825623765991,1.13497993283898,2.73904630147117,2.51680001356395,3.67277830123457,3.5023825259095,2.80504246708952,2.22462355152433,0,3.88270861775937
"19",1.18716568600955,4.74105990668074,3.04187342955185,2.05483573087764,3.20319801214897,1.92181259747625,0,3.91424276216646,0.441832752279039,2.92226512167212,0.970357953144431,0,2.51903965615746,1.64758967839848,0.245122458032985,1.16141318990714,1.17007125265025,3.351851507559,0,4.44068854732247,2.41293315016291,0.747214401830221,0.245122458032985,0.245122458032985,0,0,2.22462355152433,1.82812711339893,2.41789593950504,2.66064796220763,1.57553636075842,2.75330679269033,0,0.245122458032985,3.42949685118352,3.06287157639162,1.18716568600955,3.32323584019244,4.070924288014,1.84582669049833,4.16191667181827,4.18670426570268,0.621173680934856,0.747214401830221,2.49641425663948,3.42949685118352,1.00144854021446,0.287682072451781,0.245122458032985,1.17007125265025,0,0,3.06027079469156,4.13561090245062,4.62551732731896,3.98382673755713,4.68315950484979,3.37207366994019,0,0.664976303593249,0.650587566141149,0,0,0.949080554697146,0,0.45953232937844,2.51903965615746,0,0.245122458032985,0,0.245122458032985,0,0.882389180198474
"20",0,3.48550448812215,3.69441963448955,6.24793541118019,5.35251615810993,3.55296427013414,4.4706859586083,1.62048774862069,3.62359991775165,1.50407739677627,2.39789527279837,1.34373474670109,5.23777086668,3.40304752095032,3.5481795720108,1.81915844341617,3.63024936966253,0.245122458032985,4.44068854732247,0,2.94735868926978,0.245122458032985,0.245122458032985,2.31088389580874,0.245122458032985,0,3.06027079469156,1.56977265604167,0.893817876022097,5.4643025040223,4.22966832906531,0.870828357797398,2.61699023558658,3.12700417099632,1.81915844341617,3.48209442514161,2.19722457733622,1.30683018976564,3.44379557558367,3.22109558160651,2.47793798047191,2.22161603046038,0,4.7742094783091,3.18956143719943,3.23976718389958,1.47907609457086,2.14332880913109,4.34272258471485,2.86853001598112,0.882389180198474,2.35665231426432,3.17689575262732,4.38825718442452,3.36056826977342,2.8233610476132,2.9887636042379,3.46138617867326,1.6094379124341,0.664976303593249,1.19560455465542,1.01160091167848,0.245122458032985,2.50098047461906,3.23212105161822,0,2.70990034039037,0,0.245122458032985,0,0.859132318034206,0.870828357797398,1.60386686738465
"21",0,2.46857023046831,5.05960180955792,2.04049856773123,2.52572864430826,1.12601126285622,0,1.69968479028188,4.14533688539643,1.17007125265025,3.41772668361337,4.54477123315094,1.80555279136039,1.41369333530801,0,2.74976068968358,3.04319881079291,1.8803128665695,2.41293315016291,2.94735868926978,0,0,0.606135803570316,5.43457074564823,0.606135803570316,3.83646098520573,4.5136029924626,1.72474875894509,1.16141318990714,1.84582669049833,0.870828357797398,1.44691898293633,5.88857012394535,0.245122458032985,0,1.06087196068526,1.10782894377303,1.42711635564015,2.41293315016291,5.32219664033798,0.441832752279039,0,1.70978588626838,4.15714546346113,3.75406880508249,3.51568280509698,0.773189888233482,1.65822807660353,0.245122458032985,0,4.84615365543063,2.05483573087764,0.679160938585205,0,1.68433922060722,1.04145387482816,3.69096062031776,3.23321694213886,0.45953232937844,0.441832752279039,1.47907609457086,0,0.635988766719997,3.50154535549644,0.45953232937844,0.835321669340488,2.22161603046038,0.621173680934856,0.348306694268216,0.870828357797398,0.245122458032985,0.575364144903562,2.02228312783989
"22",0.441832752279039,2.21859943692095,0.245122458032985,0.245122458032985,1.43376089835881,4.44526222403104,0,1.76358859226136,0.441832752279039,0,0.441832752279039,0,0.747214401830221,4.42949317191281,1.15267950993839,0,3.76120011569356,2.39283197084182,0.747214401830221,0.245122458032985,0,0,4.02336559276352,1.68433922060722,4.55329192521943,0.245122458032985,0,3.8642323415918,2.14658084451746,0,0.266628663253949,0.328504066972036,1.22050210627715,0,0,4.88343303652338,0,0.621173680934856,0,3.17689575262732,0.798507696217772,2.59026716544583,4.25245564326546,1.35095499467458,0.45953232937844,0.606135803570316,3.10980472981384,4.05996396862109,0,1.26851132546351,0.621173680934856,2.41044248885046,1.78245707656574,0.635988766719997,2.28577797467766,0,0.621173680934856,0,1.65822807660353,0.835321669340488,1.35812348415319,0.245122458032985,1.90954250488444,1.20397280432594,0.441832752279039,0.527354925717201,4.0053109398517,3.45876723348363,2.27155298374632,0.245122458032985,4.04451218847422,0.476924072090309,3.66640659826188
"23",2.21859943692095,0,0.245122458032985,1.17865499634165,0.245122458032985,1.95774460670232,2.17538283542117,3.72836722562105,3.09230428317874,0.543615446588982,5.41684086873214,2.05127066471314,3.31115110097737,0.245122458032985,0.441832752279039,3.8901181700401,1.99621088753011,1.59263079411772,0.245122458032985,0.245122458032985,0.606135803570316,4.02336559276352,0,2.50779094362159,2.43507427604012,0.441832752279039,3.88442339382974,3.6258213181468,0.90511743127603,2.31088389580874,0.245122458032985,2.26002547857525,0.859132318034206,4.20759057215392,0,0.45953232937844,2.93267413758685,4.27086227219626,1.09861228866811,4.92866171113658,0,0.893817876022097,2.05127066471314,2.14982233844164,1.5812670354674,0,1.66875448959052,2.24836353882741,0.245122458032985,1.25276296849537,2.96039290710868,4.72270627757605,0.476924072090309,2.02228312783989,2.47326507477251,0.245122458032985,0.441832752279039,1.76833919501996,0.245122458032985,2.89805819082032,3.42498624362617,0.266628663253949,3.5401538467485,1.77777322725332,0.367724780125317,0,4.36486634665579,4.59090221419039,4.47828333608224,3.50488984021928,1.49788542652835,0.441832752279039,2.41789593950504
"24",1.7588153135087,3.54095932403731,2.11357454804929,2.67223110329726,4.86303717336069,2.62103882411258,0,1.7588153135087,3.75731661566716,4.42982424293056,1.67397643357167,4.6880294362994,2.25421150870983,1.13497993283898,4.52960816576567,2.97467886435616,3.74688627338829,0.747214401830221,0.245122458032985,2.31088389580874,5.43457074564823,1.68433922060722,2.50779094362159,0,1.10782894377303,3.04848283893952,5.01746377868981,1.16141318990714,0.494018505449609,2.90111629717914,4.58892787988667,0.785928914010912,5.97895608591659,0.441832752279039,2.90111629717914,1.15267950993839,2.33805948118771,3.46920211077621,2.76911045786346,5.28306271484789,1.49788542652835,0,2.50552593699074,4.04936656693902,2.16905370036952,1.9339339580086,1.89711998488588,1.87606657568805,2.24836353882741,0.664976303593249,5.43892436239293,2.61292518933841,1.51634748936809,0.441832752279039,0.606135803570316,1.45343366395752,4.15191441404358,4.13649900197613,1.37230811914515,0.245122458032985,2.12690807891876,0,0.621173680934856,1.48538526376412,0.823200308808143,1.69459572077441,2.70990034039037,0,0.245122458032985,1.73460105538811,0.760286483397574,1.27629346590556,1.89711998488588
"25",0.441832752279039,0,0.245122458032985,0,0.441832752279039,1.59263079411772,4.0342406381524,0,0.747214401830221,0.245122458032985,0.245122458032985,0,4.36663094919591,5.05977812975585,3.10856480405052,0.747214401830221,2.18792218467391,3.88841313978901,0,0.245122458032985,0.606135803570316,4.55329192521943,2.43507427604012,1.10782894377303,0,0.45953232937844,1.60386686738465,4.02634326245744,2.40041734223108,0.245122458032985,0.245122458032985,1.52846884990043,0.606135803570316,0,0,5.64956092048956,0,0.245122458032985,0.348306694268216,1.04145387482816,0.679160938585205,0.575364144903562,1.51023126235065,3.16875143768563,0.245122458032985,0,2.08636198452441,3.00540753907741,0.245122458032985,2.23952695702691,0.575364144903562,0.441832752279039,1.11696142733631,0.245122458032985,0.441832752279039,3.18382418680928,1.77777322725332,0.266628663253949,2.37748640116716,0.367724780125317,2.82994001871125,3.74294667538421,0,0.970357953144431,1.62596721438531,0,1.35812348415319,0.245122458032985,0.245122458032985,0,3.97968165390196,0.245122458032985,2.44716632180515
"26",5.02916623441935,0.441832752279039,0.266628663253949,0,0.245122458032985,0,0,3.51485670013468,5.0758680186633,0,0,2.07944154167984,3.50321899605447,1.51023126235065,0.785928914010912,0,3.53043717110992,2.53237318702692,0,0,3.83646098520573,0.245122458032985,0.441832752279039,3.04848283893952,0.45953232937844,0,0,4.44591390212513,5.60590418526468,1.6094379124341,0,4.36309862478836,2.63905732961526,3.24951279433009,1.26851132546351,0.785928914010912,0.245122458032985,0.543615446588982,0.386772975096012,4.55941707197616,4.89680277818422,0.245122458032985,2.67606252560881,3.0834378539731,1.59826461183598,0,0,0.245122458032985,2.73183906306622,4.51451581771996,1.62596721438531,0,5.92877616525857,0.245122458032985,1.81010860789625,0,4.31637638468362,0,0.45953232937844,0.798507696217772,0.635988766719997,0,0,1.94193400067567,1.15267950993839,0,2.9297111724562,0,0,0.773189888233482,0.266628663253949,0,3.84659520010569
"27",0.441832752279039,0.823200308808143,4.17652174242427,2.2033784429106,5.43177931231674,0.441832752279039,0.606135803570316,4.06426710698482,0.441832752279039,0.441832752279039,2.58399755243223,4.68930706519429,4.68981766004838,0.949080554697146,0,3.39748680226562,1.10782894377303,2.93710218910259,2.22462355152433,3.06027079469156,4.5136029924626,0,3.88442339382974,5.01746377868981,1.60386686738465,0,0,4.17865166868209,1.07992015565596,5.39084590339048,5.81479366182284,2.23952695702691,3.03388403951837,4.07988872643737,0,1.03160157838515,4.70073285916581,0.760286483397574,5.15505625365468,3.82258444278091,2.82829932925379,0.287682072451781,4.18459144006988,0,3.46051395881857,2.38774290133435,0.510825623765991,0,0.441832752279039,0.266628663253949,1.34373474670109,2.84781214347737,1.02165124753198,1.95381532856243,0.991192040047273,1.22866541691631,2.28294911847719,4.35099452542615,1.63141681915288,0.747214401830221,0.785928914010912,0.441832752279039,0.266628663253949,2.29980345003217,0.606135803570316,0,2.51230562397611,0.245122458032985,0.245122458032985,0.72054615474806,0.773189888233482,0,1.34373474670109
"28",4.39958000225478,2.66452393605232,1.23676262714893,1.05121004977353,0.441832752279039,2.2033784429106,0.606135803570316,2.57133915556031,4.20012165776514,1.06087196068526,2.46857023046831,1.66875448959052,3.70813727071835,4.85830394593535,0.441832752279039,3.88841313978901,2.36712361413162,2.23656399189625,1.82812711339893,1.56977265604167,1.72474875894509,3.8642323415918,3.6258213181468,1.16141318990714,4.02634326245744,4.44591390212513,4.17865166868209,0,5.30261367971884,2.75330679269033,1.92586939817187,5.3100537801732,2.5032557884562,3.05242761723054,0.441832752279039,3.0808900818943,2.21557371600442,3.0985896589937,0.870828357797398,3.04452243772342,4.41817103964303,1.78245707656574,1.92990980770887,3.93345828614821,2.32184290959846,0,1.40691364832263,3.98382673755713,3.66070857714724,3.00265271639856,3.43934914762653,4.536474889269,5.48801903063961,0.441832752279039,0.245122458032985,2.78466824789438,3.32822836179556,0.810930216216329,2.49869997192034,0.441832752279039,0.773189888233482,2.88728056532649,0.245122458032985,2.57346004712945,2.16587404745214,0.706940502692281,3.7986054272814,0.476924072090309,0.423814246776361,1.3793256918038,2.43750441089342,2.52794840104657,3.03388403951837
"29",5.20857499104718,0.760286483397574,0.916290731874155,0.245122458032985,1.11696142733631,1.45343366395752,0,3.86481492244137,4.57585579831932,1.55814461804655,2.74441784527308,1.93794197940614,3.42227008079739,4.72541931413967,0.245122458032985,3.41954652033035,1.65822807660353,1.13497993283898,2.41789593950504,0.893817876022097,1.16141318990714,2.14658084451746,0.90511743127603,0.494018505449609,2.40041734223108,5.60590418526468,1.07992015565596,5.30261367971884,0,1.90127799503455,0,5.24145302711103,0.606135803570316,4.54388562423697,1.20397280432594,0.90511743127603,1.7588153135087,1.95774460670232,2.75330679269033,3.47006678873757,4.61512051684126,0.308301359654517,3.93182563272433,4.86539541220683,0.773189888233482,0.991192040047273,0.893817876022097,1.56397553835734,4.36733591926388,6.39461215707578,1.34373474670109,1.62596721438531,5.88177368134893,0.441832752279039,1.65292302437384,0.823200308808143,5.20735881576806,0.441832752279039,2.02960916793196,1.80555279136039,1.10782894377303,0.245122458032985,0.747214401830221,2.38262780066758,4.17139133356532,0.606135803570316,3.06805293513362,0,0.810930216216329,1.47907609457086,1.85020306509813,0.266628663253949,3.8642323415918
"30",0.441832752279039,3.29891853254174,3.51650822817315,5.25096367016457,5.20140868760221,0.245122458032985,1.71479842809193,2.65285065174759,2.51903965615746,3.17805383034795,3.11104312006499,5.0260711022261,3.28028445299684,1.12601126285622,3.31620416882876,0.245122458032985,1.20397280432594,2.32184290959846,2.66064796220763,5.4643025040223,1.84582669049833,0,2.31088389580874,2.90111629717914,0.245122458032985,1.6094379124341,5.39084590339048,2.75330679269033,1.90127799503455,0,3.55375949880428,0.559615787935423,1.17865499634165,1.37230811914515,0,2.32456399971282,3.49818964764947,1.81915844341617,4.93267375262654,3.81954215263398,2.10684051586795,2.68557734525015,3.67700365963374,0.476924072090309,3.75861279212861,2.69687690050409,0.45953232937844,1.9339339580086,0.245122458032985,0.835321669340488,2.7999876964279,3.05896786291115,2.13350876295011,3.52799317804005,0.93826963859293,4.14225250313184,2.82170951957473,4.63769115546896,1.66350513370438,0.441832752279039,1.19560455465542,0,0,2.29421684332353,2.99850620043672,0.245122458032985,1.7394910406823,2.60679646739704,3.52962317025098,2.484906649788,1.22866541691631,0,1.49165487677772
"31",0,1.64222773525709,0.245122458032985,2.31911439494526,6.08727964992228,0,4.23892579103321,3.9544437213121,0.650587566141149,4.52690829911892,0,3.43309074543811,4.46335057250347,2.74798291143758,3.67840815424664,3.23102395880385,0.747214401830221,2.92525019851557,1.57553636075842,4.22966832906531,0.870828357797398,0.266628663253949,0.245122458032985,4.58892787988667,0.245122458032985,0,5.81479366182284,1.92586939817187,0,3.55375949880428,0,1.7394910406823,0.693147180559945,1.4727268668922,0.760286483397574,1.55227949859415,4.69820505195528,2.00372971994414,6.45200513994777,3.57810306448308,3.8448142557347,0.245122458032985,1.70978588626838,0,3.9992195504583,0.650587566141149,0.266628663253949,0,1.44691898293633,0.635988766719997,0.245122458032985,3.77084339196537,1.65292302437384,1.96555714643911,0.893817876022097,5.35251615810993,3.49734895823467,4.14709512760763,0.859132318034206,0,0.245122458032985,0.245122458032985,0.245122458032985,1.46633706879343,0,0,3.23867845216438,0,0,0,0.45953232937844,0.527354925717201,0.245122458032985
"32",5.26685536548313,0,0.760286483397574,1.01160091167848,3.23212105161822,3.85838778959551,1.54044504094715,4.09202706408174,3.21998631915223,0.606135803570316,0.760286483397574,0,4.94895687649128,4.41145058424177,0.245122458032985,3.46486747026577,3.42949685118352,0.785928914010912,2.75330679269033,0.870828357797398,1.44691898293633,0.328504066972036,2.26002547857525,0.785928914010912,1.52846884990043,4.36309862478836,2.23952695702691,5.3100537801732,5.24145302711103,0.559615787935423,1.7394910406823,0,0.621173680934856,3.85662774220658,0.893817876022097,2.42529424698649,2.70990034039037,1.52846884990043,2.9887636042379,2.05483573087764,5.73325137713592,0.441832752279039,2.85902122801209,4.85203026391962,0.308301359654517,0.266628663253949,2.78466824789438,0,2.84135008544928,4.4413432118303,0.245122458032985,0.245122458032985,5.84120674316038,0,0.870828357797398,0,1.29167838474504,1.17007125265025,1.97330912324343,1.56977265604167,2.77258872223978,0,0.970357953144431,1.53447487396065,1.27629346590556,0,2.56281031921279,0.245122458032985,0,0.245122458032985,0,0,1.89711998488588
"33",0.245122458032985,3.19526595922907,2.31363492918063,1.92586939817187,0.245122458032985,2.51903965615746,0.245122458032985,3.36056826977342,3.16758253048065,2.70805020110221,0.606135803570316,3.43756502583303,0.72054615474806,0.810930216216329,0.847297860387203,0.606135803570316,5.05589188568438,2.09323486381217,0,2.61699023558658,5.88857012394535,1.22050210627715,0.859132318034206,5.97895608591659,0.606135803570316,2.63905732961526,3.03388403951837,2.5032557884562,0.606135803570316,1.17865499634165,0.693147180559945,0.621173680934856,0,0,0.245122458032985,0.706940502692281,1.40691364832263,0.45953232937844,0.92734056806074,4.99458118786365,0,0,2.63308716262875,3.92471983622255,3.59883317342915,0.810930216216329,1.23676262714893,0.949080554697146,0,0.441832752279039,4.96710902904637,2.41541762349057,1.3143208614948,0.93826963859293,0,0.245122458032985,0,2.42774823594805,0.916290731874155,0.245122458032985,0.882389180198474,0,0,2.83647598969103,0.45953232937844,0.348306694268216,1.92586939817187,0,0,2.79490724519548,0.747214401830221,0.441832752279039,1.66875448959052
"34",4.56086992709151,0.650587566141149,1.53447487396065,0.893817876022097,4.15103990589865,2.47793798047191,2.98174603157925,3.75796491390705,5.09187386763367,4.5976419195673,3.24843462710975,0.773189888233482,0.93826963859293,0,0,3.57732696820819,1.87180217690159,0,0.245122458032985,3.12700417099632,0.245122458032985,0,4.20759057215392,0.441832752279039,0,3.24951279433009,4.07988872643737,3.05242761723054,4.54388562423697,1.37230811914515,1.4727268668922,3.85662774220658,0,0,0.405465108108164,0,0.245122458032985,1.55227949859415,1.42711635564015,2.6987478084399,0,0.847297860387203,0,3.75081041184443,1.92586939817187,1.01160091167848,0.606135803570316,0.441832752279039,4.6882850926986,4.38825718442452,0.266628663253949,4.75932086581535,3.49734895823467,0,0,0.870828357797398,3.63831688683234,1.42711635564015,0.245122458032985,0,0.441832752279039,0.245122458032985,0.245122458032985,0.45953232937844,1.35095499467458,0,3.25166564769119,1.59263079411772,2.31088389580874,0,0.245122458032985,0,3.66356164612965
"35",0,1.22866541691631,1.64222773525709,2.73002910782099,1.7730673362159,1.42042736748935,0,1.76833919501996,3.24411029604674,0.245122458032985,1.74435723033347,0,3.31216375929176,2.52350394928614,0.870828357797398,0.245122458032985,4.94659047822667,0.245122458032985,3.42949685118352,1.81915844341617,0,0,0,2.90111629717914,0,1.26851132546351,0,0.441832752279039,1.20397280432594,0,0.760286483397574,0.893817876022097,0.245122458032985,0.405465108108164,0,1.23676262714893,1.25276296849537,0.441832752279039,0.835321669340488,0.7339691750802,3.9539110981304,3.9874396447129,0.760286483397574,2.47092040781326,1.07992015565596,0.245122458032985,0.7339691750802,1.25276296849537,0.266628663253949,2.59649771519646,1.79175946922805,0.835321669340488,2.38262780066758,2.06192795918713,4.31563454488699,0,0,0.245122458032985,2.18167216432873,0,0.621173680934856,0,0,4.29955041284964,1.37230811914515,0.245122458032985,2.58189891577531,0,0,0,4.02187342635882,0,0.785928914010912
"36",0.245122458032985,1.32175583998232,0.245122458032985,2.3434070875143,1.7730673362159,3.18727048545287,0.441832752279039,1.07044141170141,1.93794197940614,0.266628663253949,1.88454120267902,0.606135803570316,4.05081829717221,5.85856787364155,1.32913594727994,0.527354925717201,1.56977265604167,4.86518125651483,3.06287157639162,3.48209442514161,1.06087196068526,4.88343303652338,0.45953232937844,1.15267950993839,5.64956092048956,0.785928914010912,1.03160157838515,3.0808900818943,0.90511743127603,2.32456399971282,1.55227949859415,2.42529424698649,0.706940502692281,0,1.23676262714893,0,1.15267950993839,1.62596721438531,0.606135803570316,2.68746949340219,0.785928914010912,2.59856596826052,4.84789847593872,0.441832752279039,0.606135803570316,0.870828357797398,0.916290731874155,3.38721113968742,1.21227160714063,2.52794840104657,0.245122458032985,1.47907609457086,1.25276296849537,3.93454524277697,3.48124008933569,1.55227949859415,1.13497993283898,1.3143208614948,1.29928298413026,0.245122458032985,2.70805020110221,2.79150588137199,1.32913594727994,2.46385324059017,1.41369333530801,1.56977265604167,3.75990729069126,0.747214401830221,0.798507696217772,0.441832752279039,3.68957365754341,0.45953232937844,3.6071570958761
"37",0,0.245122458032985,0,2.29141179239592,5.40965995388341,0.621173680934856,4.69921694174564,0.245122458032985,0.45953232937844,0.245122458032985,0,4.46078646853453,0.441832752279039,3.11351530921037,3.73036789317735,0,1.09861228866811,3.3131753931666,1.18716568600955,2.19722457733622,1.10782894377303,0,2.93267413758685,2.33805948118771,0,0.245122458032985,4.70073285916581,2.21557371600442,1.7588153135087,3.49818964764947,4.69820505195528,2.70990034039037,1.40691364832263,0.245122458032985,1.25276296849537,1.15267950993839,0,0.245122458032985,5.20263211641363,2.01490302054226,3.26236093680794,0.367724780125317,3.13307583506487,0.970357953144431,3.00678210974058,0.266628663253949,0.476924072090309,0.245122458032985,0,0.245122458032985,2.9072045960464,2.86537045569075,0,3.43577771525893,1.77777322725332,0.45953232937844,4.18839131797965,3.92855230737936,1.04145387482816,1.45990617846314,0.328504066972036,0,0,0.245122458032985,0,0,3.26978015472997,0.245122458032985,0,2.88573137833966,0.308301359654517,0,1.07992015565596
"38",0.245122458032985,0.823200308808143,0,1.77777322725332,3.86714185775543,0.245122458032985,0.245122458032985,0.970357953144431,2.02595285672885,0.747214401830221,5.44565920444596,3.44113009199753,3.61241828801946,2.24836353882741,2.01859988242359,3.57265769902451,0.590868331439527,2.40041734223108,3.32323584019244,1.30683018976564,1.42711635564015,0.621173680934856,4.27086227219626,3.46920211077621,0.245122458032985,0.543615446588982,0.760286483397574,3.0985896589937,1.95774460670232,1.81915844341617,2.00372971994414,1.52846884990043,0.45953232937844,1.55227949859415,0.441832752279039,1.62596721438531,0.245122458032985,0,0.45953232937844,2.60474518462648,1.9339339580086,0.45953232937844,0,0,2.96898894857848,0.245122458032985,0,2.21557371600442,0.441832752279039,0.706940502692281,0,2.15627397372312,0.606135803570316,1.62596721438531,1.26851132546351,0.308301359654517,1.32913594727994,0.510825623765991,0.386772975096012,0.693147180559945,0.606135803570316,0,0.859132318034206,0.441832752279039,0.916290731874155,0,2.28294911847719,4.7077769134493,4.61676932183144,3.02042488614436,0,0,1.55814461804655
"39",0.476924072090309,2.49182709263257,1.01160091167848,4.01688339604429,5.87828029581433,0.882389180198474,5.16811376401619,4.5166425084805,3.32022831912849,5.48893772615669,0.494018505449609,3.97968165390196,4.87689223886114,2.63308716262875,4.13338719684228,2.47092040781326,1.78245707656574,3.61690595448885,4.070924288014,3.44379557558367,2.41293315016291,0,1.09861228866811,2.76911045786346,0.348306694268216,0.386772975096012,5.15505625365468,0.870828357797398,2.75330679269033,4.93267375262654,6.45200513994777,2.9887636042379,0.92734056806074,1.42711635564015,0.835321669340488,0.606135803570316,5.20263211641363,0.45953232937844,0,3.2188758248682,2.95751106073379,0.441832752279039,4.01035890614901,0.959775843813894,4.62524510736356,0.949080554697146,1.10782894377303,0.559615787935423,0.245122458032985,3.69579989695851,0,4.08035832024736,2.26291983660161,2.46857023046831,0.441832752279039,2.95895302205069,3.61316763237824,3.92252324006201,1.29167838474504,0.245122458032985,0.93826963859293,0,0,1.90954250488444,0.245122458032985,0,2.67606252560881,0.245122458032985,0.245122458032985,0,0.621173680934856,0,1.65822807660353
"40",1.29928298413026,3.8286413964891,4.04061164720518,5.00208028562419,3.43309074543811,3.33715256579257,0.606135803570316,1.13497993283898,3.99462653396336,3.70745583968687,4.24849524204936,2.46385324059017,3.70472546256401,1.59826461183598,0.859132318034206,0.870828357797398,4.53379352314586,2.45911389522627,1.84582669049833,3.22109558160651,5.32219664033798,3.17689575262732,4.92866171113658,5.28306271484789,1.04145387482816,4.55941707197616,3.82258444278091,3.04452243772342,3.47006678873757,3.81954215263398,3.57810306448308,2.05483573087764,4.99458118786365,2.6987478084399,0.7339691750802,2.68746949340219,2.01490302054226,2.60474518462648,3.2188758248682,0,2.30535901987677,0.476924072090309,0.266628663253949,4.51451581771996,2.86695148368807,2.29980345003217,2.66064796220763,1.45990617846314,2.33537491581704,4.62578947319083,5.24204091660474,3.0973357403341,3.90197266957464,2.4802662702315,1.05121004977353,1.45343366395752,4.35990882942026,3.78671170335097,0.650587566141149,2.53457825958524,1.56397553835734,1.85020306509813,0,3.51237428264142,1.26066814800248,0.245122458032985,3.50905477751857,1.54637977646696,0.510825623765991,4.35456978844084,0.959775843813894,0.441832752279039,4.90177070394712
"41",4.21950770517611,1.49788542652835,0,0,1.68948062010764,0,0.621173680934856,4.39376304829904,1.03160157838515,0.90511743127603,0.245122458032985,0.893817876022097,2.37231843100872,1.59826461183598,3.53692543393638,0.747214401830221,2.56494935746154,1.07992015565596,4.16191667181827,2.47793798047191,0.441832752279039,0.798507696217772,0,1.49788542652835,0.679160938585205,4.89680277818422,2.82829932925379,4.41817103964303,4.61512051684126,2.10684051586795,3.8448142557347,5.73325137713592,0,0,3.9539110981304,0.785928914010912,3.26236093680794,1.9339339580086,2.95751106073379,2.30535901987677,0,3.18612303839639,0.90511743127603,0,4.80151334935779,0,0,0,0,3.98330954075222,0,1.79175946922805,5.16858825987325,2.77605493021627,4.62606154501947,0,1.68433922060722,0.245122458032985,1.98100146886658,0.441832752279039,0.45953232937844,0,0,5.04234926958578,0.245122458032985,0,3.46833668449978,0,0,1.27629346590556,3.78229389875336,0,1.04145387482816
"42",0.245122458032985,0.92734056806074,0,0.245122458032985,0.92734056806074,2.34607020493378,0,2.93562834948429,3.93019030938359,0,0.367724780125317,0,2.13350876295011,2.58609179403535,0.747214401830221,0,3.02042488614436,2.31911439494526,4.18670426570268,2.22161603046038,0,2.59026716544583,0.893817876022097,0,0.575364144903562,0.245122458032985,0.287682072451781,1.78245707656574,0.308301359654517,2.68557734525015,0.245122458032985,0.441832752279039,0,0.847297860387203,3.9874396447129,2.59856596826052,0.367724780125317,0.45953232937844,0.441832752279039,0.476924072090309,3.18612303839639,0,0,1.58696505658204,0,3.89521588711176,0.991192040047273,0.245122458032985,0,0.773189888233482,0,0.441832752279039,0,5.15329159449778,5.34498888585718,0,0.441832752279039,0.476924072090309,0,0.245122458032985,2.26580584149075,0.245122458032985,0.245122458032985,1.02165124753198,1.15267950993839,0,2.45196249406865,0.245122458032985,0.308301359654517,0.266628663253949,0,0,3.68887945411394
"43",2.53677848049484,0,0.606135803570316,0,4.63634580345654,0.441832752279039,0.441832752279039,0.621173680934856,2.98596248195819,0.606135803570316,0,3.3787245258101,0.328504066972036,4.10080512922505,0.45953232937844,0.747214401830221,0,1.5812670354674,0.621173680934856,0,1.70978588626838,4.25245564326546,2.05127066471314,2.50552593699074,1.51023126235065,2.67606252560881,4.18459144006988,1.92990980770887,3.93182563272433,3.67700365963374,1.70978588626838,2.85902122801209,2.63308716262875,0,0.760286483397574,4.84789847593872,3.13307583506487,0,4.01035890614901,0.266628663253949,0.90511743127603,0,0,1.01160091167848,1.71479842809193,3.12943726222096,0.494018505449609,0.606135803570316,0.266628663253949,1.5812670354674,3.44645397325028,0.266628663253949,1.19560455465542,0,0.760286483397574,4.21336140432741,2.41541762349057,2.67987932413551,0.266628663253949,0.476924072090309,0,0,0,0.245122458032985,0.245122458032985,0,3.42769504889426,0,0,0.959775843813894,3.38061667396213,0,0.747214401830221
"44",3.78039456294971,0.441832752279039,1.72968704058568,0,1.33646198737201,4.7999142627806,0.773189888233482,2.27155298374632,6.06784671702679,0,0.45953232937844,1.20397280432594,2.60062995248137,4.0352234392143,2.06192795918713,0.747214401830221,6.16460052684632,3.30709018169106,0.747214401830221,4.7742094783091,4.15714546346113,1.35095499467458,2.14982233844164,4.04936656693902,3.16875143768563,3.0834378539731,0,3.93345828614821,4.86539541220683,0.476924072090309,0,4.85203026391962,3.92471983622255,3.75081041184443,2.47092040781326,0.441832752279039,0.970357953144431,0,0.959775843813894,4.51451581771996,0,1.58696505658204,1.01160091167848,0,0.441832752279039,0,4.69845812041165,0.606135803570316,4.57642771712244,3.73700802381663,2.74263053469899,4.2847353270645,3.22441600524382,0.245122458032985,1.59263079411772,0.441832752279039,3.56874991757643,0.747214401830221,1.03160157838515,0.441832752279039,1.45343366395752,0,0.606135803570316,3.20432604385347,0.893817876022097,0.245122458032985,2.6987478084399,0,0.45953232937844,1.13497993283898,0.348306694268216,0.245122458032985,1.83701606081618
"45",0.606135803570316,5.77842601765197,4.8276468483146,1.4727268668922,4.96865522185537,2.7282158706968,3.52062515453142,1.00144854021446,0.93826963859293,4.31748811353631,4.17010460810364,3.91921927229874,2.85423271128029,1.65822807660353,0.494018505449609,2.11357454804929,1.41369333530801,2.92226512167212,2.49641425663948,3.18956143719943,3.75406880508249,0.45953232937844,1.5812670354674,2.16905370036952,0.245122458032985,1.59826461183598,3.46051395881857,2.32184290959846,0.773189888233482,3.75861279212861,3.9992195504583,0.308301359654517,3.59883317342915,1.92586939817187,1.07992015565596,0.606135803570316,3.00678210974058,2.96898894857848,4.62524510736356,2.86695148368807,4.80151334935779,0,1.71479842809193,0.441832752279039,0,5.20492201894848,0,2.10345641788371,0.893817876022097,0.441832752279039,3.42227008079739,3.71560252425469,0,1.43376089835881,0.635988766719997,4.19217681145914,5.35475020858244,5.70452294118392,1.52846884990043,0.747214401830221,1.90541878770058,1.46633706879343,0,2.4567357728213,1.0893098960058,0.441832752279039,3.74228856413966,0.328504066972036,0,1.71978596960297,1.23676262714893,1.41369333530801,2.56066669566954
"46",0.245122458032985,5.30785507102853,5.24965219456676,1.97330912324343,2.99016122850454,0,2.33537491581704,0,0.245122458032985,2.28577797467766,0,1.45343366395752,0.476924072090309,0.810930216216329,1.59263079411772,0,0.45953232937844,3.77212216451814,3.42949685118352,3.23976718389958,3.51568280509698,0.606135803570316,0,1.9339339580086,0,0,2.38774290133435,0,0.991192040047273,2.69687690050409,0.650587566141149,0.266628663253949,0.810930216216329,1.01160091167848,0.245122458032985,0.870828357797398,0.266628663253949,0.245122458032985,0.949080554697146,2.29980345003217,0,3.89521588711176,3.12943726222096,0,5.20492201894848,0,0.245122458032985,3.78922742794822,0,1.51023126235065,0.45953232937844,1.79175946922805,2.28859885101931,2.39029067341315,0,1.45990617846314,4.16148386505973,4.84155896405232,0.959775843813894,0,2.21859943692095,0,0,2.98174603157925,1.95774460670232,0.747214401830221,2.484906649788,0,0,0,0.245122458032985,0.245122458032985,1.52846884990043
"47",2.77258872223978,0,0,3.9822743439724,1.7730673362159,3.61091791264422,1.09861228866811,0.606135803570316,3.38533143988584,0.245122458032985,0.266628663253949,1.14386888025623,2.35665231426432,3.95070938781798,2.52794840104657,1.40691364832263,5.79799777920903,0,1.00144854021446,1.47907609457086,0.773189888233482,3.10980472981384,1.66875448959052,1.89711998488588,2.08636198452441,0,0.510825623765991,1.40691364832263,0.893817876022097,0.45953232937844,0.266628663253949,2.78466824789438,1.23676262714893,0.606135803570316,0.7339691750802,0.916290731874155,0.476924072090309,0,1.10782894377303,2.66064796220763,0,0.991192040047273,0.494018505449609,4.69845812041165,0,0.245122458032985,0,2.67223110329726,3.32123183150573,0.441832752279039,0,3.81587914487524,0.441832752279039,1.18716568600955,0.45953232937844,0.835321669340488,0,1.12601126285622,0.621173680934856,0.527354925717201,2.50552593699074,2.84458633422849,0.441832752279039,0.527354925717201,0.245122458032985,0.245122458032985,1.04145387482816,0,0.328504066972036,0.245122458032985,2.39789527279837,0.72054615474806,1.51634748936809
"48",1.87606657568805,3.3682532259428,2.17538283542117,1.71479842809193,0.606135803570316,2.68368161008525,1.82365283300401,2.22462355152433,1.25276296849537,1.06087196068526,1.54044504094715,0.476924072090309,2.59856596826052,4.28320334668062,0,0,1.53447487396065,2.48952559564429,0.287682072451781,2.14332880913109,1.65822807660353,4.05996396862109,2.24836353882741,1.87606657568805,3.00540753907741,0.245122458032985,0,3.98382673755713,1.56397553835734,1.9339339580086,0,0,0.949080554697146,0.441832752279039,1.25276296849537,3.38721113968742,0.245122458032985,2.21557371600442,0.559615787935423,1.45990617846314,0,0.245122458032985,0.606135803570316,0.606135803570316,2.10345641788371,3.78922742794822,2.67223110329726,0,0,0.245122458032985,0.527354925717201,3.34010968968232,4.21705371621454,3.20657829705779,0.980829253011726,1.28401551199947,1.47907609457086,2.64103949081925,3.59731226058845,3.22992566105479,3.06676011013131,2.98736402388347,1.90954250488444,4.02931209195125,3.04716444718626,3.61914225806713,3.95710259020104,5.40891414900111,5.42519472566811,4.36026375400252,3.96871834910469,2.27155298374632,4.08737589290601
"49",4.14665585679011,1.24479479884619,0,4.01086230409571,2.32456399971282,0.664976303593249,1.47907609457086,3.15700042115011,3.87177954722718,2.60474518462648,0.606135803570316,1.20397280432594,4.78098916529448,1.52242653544447,0,4.13026567814264,0.543615446588982,0.245122458032985,0.245122458032985,4.34272258471485,0.245122458032985,0,0.245122458032985,2.24836353882741,0.245122458032985,2.73183906306622,0.441832752279039,3.66070857714724,4.36733591926388,0.245122458032985,1.44691898293633,2.84135008544928,0,4.6882850926986,0.266628663253949,1.21227160714063,0,0.441832752279039,0.245122458032985,2.33537491581704,0,0,0.266628663253949,4.57642771712244,0.893817876022097,0,3.32123183150573,0,0,4.85722508079672,0.441832752279039,3.9982007016692,4.22561645966443,0,0.245122458032985,0,3.75926025087574,1.68948062010764,0,0.245122458032985,1.10782894377303,0,0.245122458032985,0.441832752279039,2.85263142991332,0,3.26448633612025,0.441832752279039,2.42283422114562,0,0.441832752279039,0,1.62048774862069
"50",5.03749358159912,0.93826963859293,4.17566850005169,1.35095499467458,0.543615446588982,2.56708382999017,3.25488626239123,4.38376124048609,2.91927110745951,3.14391278639475,1.55227949859415,2.3487262489919,4.33874211989714,4.53020714751464,0,0.606135803570316,3.29274567343466,1.24479479884619,1.17007125265025,2.86853001598112,0,1.26851132546351,1.25276296849537,0.664976303593249,2.23952695702691,4.51451581771996,0.266628663253949,3.00265271639856,6.39461215707578,0.835321669340488,0.635988766719997,4.4413432118303,0.441832752279039,4.38825718442452,2.59649771519646,2.52794840104657,0.245122458032985,0.706940502692281,3.69579989695851,4.62578947319083,3.98330954075222,0.773189888233482,1.5812670354674,3.73700802381663,0.441832752279039,1.51023126235065,0.441832752279039,0.245122458032985,4.85722508079672,0,0.621173680934856,2.57557645003582,6.20000194603283,3.12822145660007,1.70474809223843,3.0821647793263,5.33927268551353,2.68746949340219,0.543615446588982,2.21557371600442,1.64222773525709,0,0.621173680934856,3.45614141140597,3.37111992642488,0.92734056806074,3.07320758572228,3.38721113968742,2.82500985260339,2.3487262489919,1.32913594727994,0.606135803570316,4.308185720874
"51",0,1.32175583998232,1.13497993283898,0.760286483397574,0.245122458032985,2.69500248570973,0,0,1.07992015565596,4.67852390551083,1.94193400067567,3.60791039158027,0,0,0.266628663253949,0,4.04110004770329,0.621173680934856,0,0.882389180198474,4.84615365543063,0.621173680934856,2.96039290710868,5.43892436239293,0.575364144903562,1.62596721438531,1.34373474670109,3.43934914762653,1.34373474670109,2.7999876964279,0.245122458032985,0.245122458032985,4.96710902904637,0.266628663253949,1.79175946922805,0.245122458032985,2.9072045960464,0,0,5.24204091660474,0,0,3.44645397325028,2.74263053469899,3.42227008079739,0.45953232937844,0,0.527354925717201,0.441832752279039,0.621173680934856,0,1.43376089835881,0,0.785928914010912,0,0,0,1.4727268668922,0,0,0.870828357797398,0.245122458032985,0,3.36729582998647,0.650587566141149,0.245122458032985,0.870828357797398,0,0,1.05121004977353,1.44036158239017,0,2.08290774965632
"52",3.68679394762292,3.48380091019737,0,0.980829253011726,3.76249127145718,1.94193400067567,2.64103949081925,2.0654552997051,4.23932635182366,2.91023490139558,3.72368337630863,2.96470016430626,2.47793798047191,4.4530544712512,0.650587566141149,1.72474875894509,1.63141681915288,0.810930216216329,0,2.35665231426432,2.05483573087764,2.41044248885046,4.72270627757605,2.61292518933841,0.441832752279039,0,2.84781214347737,4.536474889269,1.62596721438531,3.05896786291115,3.77084339196537,0.245122458032985,2.41541762349057,4.75932086581535,0.835321669340488,1.47907609457086,2.86537045569075,2.15627397372312,4.08035832024736,3.0973357403341,1.79175946922805,0.441832752279039,0.266628663253949,4.2847353270645,3.71560252425469,1.79175946922805,3.81587914487524,3.34010968968232,3.9982007016692,2.57557645003582,1.43376089835881,0,3.36345705367931,1.53447487396065,0.245122458032985,3.51568280509698,1.35812348415319,2.67606252560881,0.980829253011726,0.606135803570316,1.67917125044878,0.606135803570316,1.03160157838515,1.9339339580086,0.266628663253949,0.245122458032985,4.79372229253268,0,0.747214401830221,0.441832752279039,2.00746804205475,0.747214401830221,2.57979586557853
"53",5.31156259329806,1.54637977646696,2.93415233445617,1.72968704058568,0.991192040047273,0.773189888233482,1.39321480396446,3.97186300578416,4.00935134938871,4.42883070087168,0.606135803570316,2.21557371600442,4.07753744390572,4.04888218814534,0.308301359654517,2.22161603046038,2.02595285672885,0.882389180198474,3.06027079469156,3.17689575262732,0.679160938585205,1.78245707656574,0.476924072090309,1.51634748936809,1.11696142733631,5.92877616525857,1.02165124753198,5.48801903063961,5.88177368134893,2.13350876295011,1.65292302437384,5.84120674316038,1.3143208614948,3.49734895823467,2.38262780066758,1.25276296849537,0,0.606135803570316,2.26291983660161,3.90197266957464,5.16858825987325,0,1.19560455465542,3.22441600524382,0,2.28859885101931,0.441832752279039,4.21705371621454,4.22561645966443,6.20000194603283,0,3.36345705367931,0,2.43507427604012,0.441832752279039,1.35095499467458,5.06715564433461,2.23061159336896,2.39789527279837,0.706940502692281,1.05121004977353,0.441832752279039,0.245122458032985,3.48890296208126,4.95660922424262,0,4.04353847856282,0,0,0.606135803570316,2.61699023558658,0.590868331439527,3.88898180628145
"54",1.52242653544447,1.8929446134754,5.46700473206619,3.75536919538277,3.30607236989836,1.3143208614948,0,1.45990617846314,0.441832752279039,1.26066814800248,0.266628663253949,0.245122458032985,2.10684051586795,0.245122458032985,3.91590435213612,0.245122458032985,0.245122458032985,3.80604501522153,4.13561090245062,4.38825718442452,0,0.635988766719997,2.02228312783989,0.441832752279039,0.245122458032985,0.245122458032985,1.95381532856243,0.441832752279039,0.441832752279039,3.52799317804005,1.96555714643911,0,0.93826963859293,0,2.06192795918713,3.93454524277697,3.43577771525893,1.62596721438531,2.46857023046831,2.4802662702315,2.77605493021627,5.15329159449778,0,0.245122458032985,1.43376089835881,2.39029067341315,1.18716568600955,3.20657829705779,0,3.12822145660007,0.785928914010912,1.53447487396065,2.43507427604012,0,5.86434115077879,0.287682072451781,2.27441421602735,1.92586939817187,1.16141318990714,0,2.97751172744046,0,0,1.74919985480926,0.245122458032985,0.706940502692281,2.76036149567022,0.245122458032985,0,1.56977265604167,3.41316254972043,0.245122458032985,2.45196249406865
"55",0,1.57553636075842,0.245122458032985,1.17865499634165,4.4413432118303,2.4614863755799,0.266628663253949,4.92564208126286,2.26002547857525,0,1.81915844341617,0.245122458032985,2.86061231824433,2.17853244432407,0.760286483397574,2.12359132629277,2.82500985260339,2.60268968544438,4.62551732731896,3.36056826977342,1.68433922060722,2.28577797467766,2.47326507477251,0.606135803570316,0.441832752279039,1.81010860789625,0.991192040047273,0.245122458032985,1.65292302437384,0.93826963859293,0.893817876022097,0.870828357797398,0,0,4.31563454488699,3.48124008933569,1.77777322725332,1.26851132546351,0.441832752279039,1.05121004977353,4.62606154501947,5.34498888585718,0.760286483397574,1.59263079411772,0.635988766719997,0,0.45953232937844,0.980829253011726,0.245122458032985,1.70474809223843,0,0.245122458032985,0.441832752279039,5.86434115077879,0,0,0.847297860387203,1.07992015565596,1.05121004977353,0.606135803570316,1.98482556530499,0.245122458032985,1.56977265604167,3.79548918917219,2.48721878954638,0.245122458032985,2.91023490139558,0.266628663253949,0,0.245122458032985,0.693147180559945,0.245122458032985,3.83045135173433
"56",1.30683018976564,1.06087196068526,0.693147180559945,3.14630513203337,4.08644305701747,1.32913594727994,3.09230428317874,0.245122458032985,0.245122458032985,3.79673684997035,0,1.51634748936809,3.45086899145939,0.245122458032985,1.80555279136039,3.31418600467253,1.27629346590556,0.916290731874155,3.98382673755713,2.8233610476132,1.04145387482816,0,0.245122458032985,1.45343366395752,3.18382418680928,0,1.22866541691631,2.78466824789438,0.823200308808143,4.14225250313184,5.35251615810993,0,0.245122458032985,0.870828357797398,0,1.55227949859415,0.45953232937844,0.308301359654517,2.95895302205069,1.45343366395752,0,0,4.21336140432741,0.441832752279039,4.19217681145914,1.45990617846314,0.835321669340488,1.28401551199947,0,3.0821647793263,0,3.51568280509698,1.35095499467458,0.287682072451781,0,0,5.25401710765146,1.40691364832263,0.245122458032985,0.441832752279039,0,0,0.266628663253949,0,0.90511743127603,0,2.01859988242359,0,0.266628663253949,0.606135803570316,0,1.24479479884619,0.328504066972036
"57",2.83972802507741,4.16018431971764,4.89763248161286,0.245122458032985,4.34163857376859,3.92032180824284,3.58042774588644,0.706940502692281,4.29311952251935,4.44232440569479,3.05896786291115,4.26969744969996,0.245122458032985,2.29980345003217,0.441832752279039,2.07596327730351,1.6094379124341,5.3097792057618,4.68315950484979,2.9887636042379,3.69096062031776,0.621173680934856,0.441832752279039,4.15191441404358,1.77777322725332,4.31637638468362,2.28294911847719,3.32822836179556,5.20735881576806,2.82170951957473,3.49734895823467,1.29167838474504,0,3.63831688683234,0,1.13497993283898,4.18839131797965,1.32913594727994,3.61316763237824,4.35990882942026,1.68433922060722,0.441832752279039,2.41541762349057,3.56874991757643,5.35475020858244,4.16148386505973,0,1.47907609457086,3.75926025087574,5.33927268551353,0,1.35812348415319,5.06715564433461,2.27441421602735,0.847297860387203,5.25401710765146,0,4.39204572003909,1.44691898293633,2.92226512167212,1.29167838474504,2.76736677825863,0.245122458032985,2.03688192726104,0,0.266628663253949,3.05111441940558,0,0,0.93826963859293,0.959775843813894,0.575364144903562,3.28860916288288
"58",0.835321669340488,3.7948647745406,4.88846766012205,3.51402991215868,3.50988568741266,2.22762205452059,2.74798291143758,0.441832752279039,2.29141179239592,2.19722457733622,3.14510967462859,4.31377753413978,1.98100146886658,1.53447487396065,0.441832752279039,0.266628663253949,1.70474809223843,2.6987478084399,3.37207366994019,3.46138617867326,3.23321694213886,0,1.76833919501996,4.13649900197613,0.266628663253949,0,4.35099452542615,0.810930216216329,0.441832752279039,4.63769115546896,4.14709512760763,1.17007125265025,2.42774823594805,1.42711635564015,0.245122458032985,1.3143208614948,3.92855230737936,0.510825623765991,3.92252324006201,3.78671170335097,0.245122458032985,0.476924072090309,2.67987932413551,0.747214401830221,5.70452294118392,4.84155896405232,1.12601126285622,2.64103949081925,1.68948062010764,2.68746949340219,1.4727268668922,2.67606252560881,2.23061159336896,1.92586939817187,1.07992015565596,1.40691364832263,4.39204572003909,0,1.63683688662221,1.74919985480926,0.92734056806074,0.245122458032985,0,2.32184290959846,0.606135803570316,1.24479479884619,2.058388132482,0.664976303593249,0.245122458032985,0.621173680934856,0.679160938585205,0.441832752279039,2.10345641788371
"59",1.71978596960297,1.65292302437384,1.55814461804655,0.823200308808143,1.56397553835734,0.679160938585205,1.04145387482816,0.606135803570316,1.07992015565596,0.679160938585205,0.494018505449609,0.606135803570316,1.75401914124521,0.245122458032985,0,0.650587566141149,1.19560455465542,1.72968704058568,0,1.6094379124341,0.45953232937844,1.65822807660353,0.245122458032985,1.37230811914515,2.37748640116716,0.45953232937844,1.63141681915288,2.49869997192034,2.02960916793196,1.66350513370438,0.859132318034206,1.97330912324343,0.916290731874155,0.245122458032985,2.18167216432873,1.29928298413026,1.04145387482816,0.386772975096012,1.29167838474504,0.650587566141149,1.98100146886658,0,0.266628663253949,1.03160157838515,1.52846884990043,0.959775843813894,0.621173680934856,3.59731226058845,0,0.543615446588982,0,0.980829253011726,2.39789527279837,1.16141318990714,1.05121004977353,0.245122458032985,1.44691898293633,1.63683688662221,0,3.88213637167795,3.80419030062493,3.47523921406255,2.62708113856854,4.79141920537926,4.24770127614818,2.84942115428307,5.73970359057675,0,1.59263079411772,4.10401982774552,4.20717709271863,3.13186444787857,4.51603534392025
"60",0,0,0.245122458032985,0.245122458032985,0.606135803570316,0.441832752279039,0,3.35476554556085,0.798507696217772,0.367724780125317,0.916290731874155,0.441832752279039,0.747214401830221,0.441832752279039,0,0,0,0.441832752279039,0.664976303593249,0.664976303593249,0.441832752279039,0.835321669340488,2.89805819082032,0.245122458032985,0.367724780125317,0.798507696217772,0.747214401830221,0.441832752279039,1.80555279136039,0.441832752279039,0,1.56977265604167,0.245122458032985,0,0,0.245122458032985,1.45990617846314,0.693147180559945,0.245122458032985,2.53457825958524,0.441832752279039,0.245122458032985,0.476924072090309,0.441832752279039,0.747214401830221,0,0.527354925717201,3.22992566105479,0.245122458032985,2.21557371600442,0,0.606135803570316,0.706940502692281,0,0.606135803570316,0.441832752279039,2.92226512167212,1.74919985480926,3.88213637167795,0,0.810930216216329,3.51650822817315,2.9661318037777,4.15801465082572,2.6817822742816,4.00682800714646,4.69845812041165,0.835321669340488,2.01859988242359,4.438065594999,3.64993648016533,3.00678210974058,5.81587031106345
"61",0.45953232937844,1.17865499634165,1.19560455465542,2.41789593950504,1.67397643357167,1.60386686738465,1.04145387482816,1.66350513370438,0.92734056806074,0.245122458032985,1.36524095192206,0.606135803570316,2.00746804205475,3.10608033072286,0,2.0654552997051,1.8803128665695,1.82812711339893,0.650587566141149,1.19560455465542,1.47907609457086,1.35812348415319,3.42498624362617,2.12690807891876,2.82994001871125,0.635988766719997,0.785928914010912,0.773189888233482,1.10782894377303,1.19560455465542,0.245122458032985,2.77258872223978,0.882389180198474,0.441832752279039,0.621173680934856,2.70805020110221,0.328504066972036,0.606135803570316,0.93826963859293,1.56397553835734,0.45953232937844,2.26580584149075,0,1.45343366395752,1.90541878770058,2.21859943692095,2.50552593699074,3.06676011013131,1.10782894377303,1.64222773525709,0.870828357797398,1.67917125044878,1.05121004977353,2.97751172744046,1.98482556530499,0,1.29167838474504,0.92734056806074,3.80419030062493,0.810930216216329,0,5.03749358159912,2.50098047461906,3.92855230737936,4.89430952943785,2.84781214347737,4.41950972792862,1.99621088753011,1.47907609457086,0.245122458032985,5.76248804494161,3.16289319011726,5.00282711164844
"62",0,0.245122458032985,0,0,1.79175946922805,0.287682072451781,0,0.245122458032985,1.35812348415319,0.245122458032985,1.27629346590556,0,1.10782894377303,0.245122458032985,0,0.308301359654517,0.245122458032985,0.287682072451781,0,1.01160091167848,0,0.245122458032985,0.266628663253949,0,3.74294667538421,0,0.441832752279039,2.88728056532649,0.245122458032985,0,0.245122458032985,0,0,0.245122458032985,0,2.79150588137199,0,0,0,1.85020306509813,0,0.245122458032985,0,0,1.46633706879343,0,2.84458633422849,2.98736402388347,0,0,0.245122458032985,0.606135803570316,0.441832752279039,0,0.245122458032985,0,2.76736677825863,0.245122458032985,3.47523921406255,3.51650822817315,5.03749358159912,0,2.15305335902308,4.96788242428986,4.74033219288271,2.52350394928614,4.2912201867157,2.07944154167984,1.91773927208862,2.58189891577531,5.42188610185453,4.66892715179084,3.58967280403049
"63",0,0.798507696217772,0.245122458032985,0.245122458032985,0.405465108108164,0.916290731874155,0.245122458032985,0,1.17865499634165,0.245122458032985,3.87120101090789,0.328504066972036,1.83701606081618,0.245122458032985,0.245122458032985,2.92076923508054,0.245122458032985,0.606135803570316,0,0.245122458032985,0.635988766719997,1.90954250488444,3.5401538467485,0.621173680934856,0,0,0.266628663253949,0.245122458032985,0.747214401830221,0,0.245122458032985,0.970357953144431,0,0.245122458032985,0,1.32913594727994,0,0.859132318034206,0,0,0,0.245122458032985,0,0.606135803570316,0,0,0.441832752279039,1.90954250488444,0.245122458032985,0.621173680934856,0,1.03160157838515,0.245122458032985,0,1.56977265604167,0.266628663253949,0.245122458032985,0,2.62708113856854,2.9661318037777,2.50098047461906,2.15305335902308,0,3.39469480417459,1.67397643357167,3.49650756146648,4.27589421623747,0.245122458032985,1.7394910406823,3.05896786291115,3.48805442575542,1.00144854021446,4.23772314506745
"64",0.870828357797398,1.21227160714063,2.7408400239252,2.25421150870983,2.3487262489919,0.882389180198474,1.29167838474504,2.95751106073379,3.79048292089405,0.90511743127603,1.11696142733631,2.04049856773123,4.50227576282546,3.14630513203337,2.9531726591352,0.747214401830221,1.54637977646696,0.510825623765991,0.949080554697146,2.50098047461906,3.50154535549644,1.20397280432594,1.77777322725332,1.48538526376412,0.970357953144431,1.94193400067567,2.29980345003217,2.57346004712945,2.38262780066758,2.29421684332353,1.46633706879343,1.53447487396065,2.83647598969103,0.45953232937844,4.29955041284964,2.46385324059017,0.245122458032985,0.441832752279039,1.90954250488444,3.51237428264142,5.04234926958578,1.02165124753198,0.245122458032985,3.20432604385347,2.4567357728213,2.98174603157925,0.527354925717201,4.02931209195125,0.441832752279039,3.45614141140597,3.36729582998647,1.9339339580086,3.48890296208126,1.74919985480926,3.79548918917219,0,2.03688192726104,2.32184290959846,4.79141920537926,4.15801465082572,3.92855230737936,4.96788242428986,3.39469480417459,0,3.38533143988584,5.57805126915064,5.79917682600218,4.74782648638961,4.55650501400681,5.03965457649736,4.58610062326774,3.17341345079144,4.9416424226093
"65",1.97330912324343,2.04049856773123,2.22161603046038,2.17853244432407,1.87180217690159,0.441832752279039,0,0.7339691750802,2.39029067341315,4.6999751877064,1.55227949859415,0,0.441832752279039,0.92734056806074,1.44691898293633,0.348306694268216,1.05121004977353,1.13497993283898,0,3.23212105161822,0.45953232937844,0.441832752279039,0.367724780125317,0.823200308808143,1.62596721438531,1.15267950993839,0.606135803570316,2.16587404745214,4.17139133356532,2.99850620043672,0,1.27629346590556,0.45953232937844,1.35095499467458,1.37230811914515,1.41369333530801,0,0.916290731874155,0.245122458032985,1.26066814800248,0.245122458032985,1.15267950993839,0.245122458032985,0.893817876022097,1.0893098960058,1.95774460670232,0.245122458032985,3.04716444718626,2.85263142991332,3.37111992642488,0.650587566141149,0.266628663253949,4.95660922424262,0.245122458032985,2.48721878954638,0.90511743127603,0,0.606135803570316,4.24770127614818,2.6817822742816,4.89430952943785,4.74033219288271,1.67397643357167,3.38533143988584,0,0.245122458032985,3.86714185775543,2.01859988242359,2.30258509299405,2.49412330489292,5.27484969785191,4.43213867610123,4.32597055421765
"66",0.245122458032985,1.17865499634165,1.8803128665695,0.266628663253949,0.606135803570316,0.650587566141149,0,0.706940502692281,0.916290731874155,0.245122458032985,0.245122458032985,0,0.245122458032985,0.245122458032985,0,0.266628663253949,0.706940502692281,2.73904630147117,0.45953232937844,0,0.835321669340488,0.527354925717201,0,1.69459572077441,0,0,0,0.706940502692281,0.606135803570316,0.245122458032985,0,0,0.348306694268216,0,0.245122458032985,1.56977265604167,0,0,0,0.245122458032985,0,0,0,0.245122458032985,0.441832752279039,0.747214401830221,0.245122458032985,3.61914225806713,0,0.92734056806074,0.245122458032985,0.245122458032985,0,0.706940502692281,0.245122458032985,0,0.266628663253949,1.24479479884619,2.84942115428307,4.00682800714646,2.84781214347737,2.52350394928614,3.49650756146648,5.57805126915064,0.245122458032985,0,5.04306662973132,1.84143107902529,1.30683018976564,3.57031486312273,4.12219388543832,2.32727770558442,4.46367062371439
"67",4.5804220162989,3.46833668449978,2.22462355152433,1.74435723033347,3.78859908988168,1.80555279136039,3.02852209637698,2.52127429395888,2.50779094362159,3.20657829705779,4.27318785463973,1.96165850602345,2.9041650800285,2.58399755243223,2.14332880913109,3.55930846270551,2.37231843100872,2.51680001356395,2.51903965615746,2.70990034039037,2.22161603046038,4.0053109398517,4.36486634665579,2.70990034039037,1.35812348415319,2.9297111724562,2.51230562397611,3.7986054272814,3.06805293513362,1.7394910406823,3.23867845216438,2.56281031921279,1.92586939817187,3.25166564769119,2.58189891577531,3.75990729069126,3.26978015472997,2.28294911847719,2.67606252560881,3.50905477751857,3.46833668449978,2.45196249406865,3.42769504889426,2.6987478084399,3.74228856413966,2.484906649788,1.04145387482816,3.95710259020104,3.26448633612025,3.07320758572228,0.870828357797398,4.79372229253268,4.04353847856282,2.76036149567022,2.91023490139558,2.01859988242359,3.05111441940558,2.058388132482,5.73970359057675,4.69845812041165,4.41950972792862,4.2912201867157,4.27589421623747,5.79917682600218,3.86714185775543,5.04306662973132,0,2.95462088531156,3.38721113968742,4.79899934963353,4.95641373992962,3.51485670013468,5.77135458425237
"68",0,0,0,0,0.245122458032985,1.8632184332102,0,0.245122458032985,0.245122458032985,1.35812348415319,3.56088824186503,0.245122458032985,0.287682072451781,0.245122458032985,0,3.24627479905631,0,3.67277830123457,0,0,0.621173680934856,3.45876723348363,4.59090221419039,0,0.245122458032985,0,0.245122458032985,0.476924072090309,0,2.60679646739704,0,0.245122458032985,0,1.59263079411772,0,0.747214401830221,0.245122458032985,4.7077769134493,0.245122458032985,1.54637977646696,0,0.245122458032985,0,0,0.328504066972036,0,0,5.40891414900111,0.441832752279039,3.38721113968742,0,0,0,0.245122458032985,0.266628663253949,0,0,0.664976303593249,0,0.835321669340488,1.99621088753011,2.07944154167984,0.245122458032985,4.74782648638961,2.01859988242359,1.84143107902529,2.95462088531156,0,6.45790280016933,4.72492658192965,2.9297111724562,1.78711908967155,1.90127799503455
"69",0,0,0,0.747214401830221,0,1.20397280432594,0,0.245122458032985,0,0,4.20012165776514,0.441832752279039,0.245122458032985,0.441832752279039,0,2.26868354131836,0.245122458032985,3.5023825259095,0.245122458032985,0.245122458032985,0.348306694268216,2.27155298374632,4.47828333608224,0.245122458032985,0.245122458032985,0,0.245122458032985,0.423814246776361,0.810930216216329,3.52962317025098,0,0,0,2.31088389580874,0,0.798507696217772,0,4.61676932183144,0.245122458032985,0.510825623765991,0,0.308301359654517,0,0.45953232937844,0,0,0.328504066972036,5.42519472566811,2.42283422114562,2.82500985260339,0,0.747214401830221,0,0,0,0.266628663253949,0,0.245122458032985,1.59263079411772,2.01859988242359,1.47907609457086,1.91773927208862,1.7394910406823,4.55650501400681,2.30258509299405,1.30683018976564,3.38721113968742,6.45790280016933,0,4.97289496611341,3.22441600524382,2.10345641788371,2.11357454804929
"70",0.245122458032985,0.45953232937844,0.606135803570316,1.89711998488588,0.664976303593249,2.87794923789761,0,2.87325071711605,1.45990617846314,0.287682072451781,1.53447487396065,1.24479479884619,4.89721771594951,0.441832752279039,0,0,2.07596327730351,2.80504246708952,0,0,0.870828357797398,0.245122458032985,3.50488984021928,1.73460105538811,0,0.773189888233482,0.72054615474806,1.3793256918038,1.47907609457086,2.484906649788,0,0.245122458032985,2.79490724519548,0,0,0.441832752279039,2.88573137833966,3.02042488614436,0,4.35456978844084,1.27629346590556,0.266628663253949,0.959775843813894,1.13497993283898,1.71978596960297,0,0.245122458032985,4.36026375400252,0,2.3487262489919,1.05121004977353,0.441832752279039,0.606135803570316,1.56977265604167,0.245122458032985,0.606135803570316,0.93826963859293,0.621173680934856,4.10401982774552,4.438065594999,0.245122458032985,2.58189891577531,3.05896786291115,5.03965457649736,2.49412330489292,3.57031486312273,4.79899934963353,4.72492658192965,4.97289496611341,0,3.03254624667671,2.22462355152433,4.37575702166029
"71",0.870828357797398,1.87606657568805,0.245122458032985,1.17865499634165,1.05121004977353,1.8803128665695,0.45953232937844,0.870828357797398,0,3.49144425950993,0.590868331439527,0.494018505449609,1.42042736748935,1.74435723033347,0.266628663253949,0.980829253011726,1.21227160714063,2.22462355152433,0.245122458032985,0.859132318034206,0.245122458032985,4.04451218847422,1.49788542652835,0.760286483397574,3.97968165390196,0.266628663253949,0.773189888233482,2.43750441089342,1.85020306509813,1.22866541691631,0.45953232937844,0,0.747214401830221,0.245122458032985,4.02187342635882,3.68957365754341,0.308301359654517,0,0.621173680934856,0.959775843813894,3.78229389875336,0,3.38061667396213,0.348306694268216,1.23676262714893,0.245122458032985,2.39789527279837,3.96871834910469,0.441832752279039,1.32913594727994,1.44036158239017,2.00746804205475,2.61699023558658,3.41316254972043,0.693147180559945,0,0.959775843813894,0.679160938585205,4.20717709271863,3.64993648016533,5.76248804494161,5.42188610185453,3.48805442575542,4.58610062326774,5.27484969785191,4.12219388543832,4.95641373992962,2.9297111724562,3.22441600524382,3.03254624667671,0,4.27434862087569,4.8522472542644
"72",0,0.92734056806074,0.494018505449609,1.6094379124341,0.45953232937844,1.05121004977353,0,0,0.245122458032985,0,0.494018505449609,0,1.46633706879343,0,0.245122458032985,0,0.245122458032985,0,0,0.870828357797398,0.575364144903562,0.476924072090309,0.441832752279039,1.27629346590556,0.245122458032985,0,0,2.52794840104657,0.266628663253949,0,0.527354925717201,0,0.441832752279039,0,0,0.45953232937844,0,0,0,0.441832752279039,0,0,0,0.245122458032985,1.41369333530801,0.245122458032985,0.72054615474806,2.27155298374632,0,0.606135803570316,0,0.747214401830221,0.590868331439527,0.245122458032985,0.245122458032985,1.24479479884619,0.575364144903562,0.441832752279039,3.13186444787857,3.00678210974058,3.16289319011726,4.66892715179084,1.00144854021446,3.17341345079144,4.43213867610123,2.32727770558442,3.51485670013468,1.78711908967155,2.10345641788371,2.22462355152433,4.27434862087569,0,3.01635156075673
"73",2.58189891577531,1.80555279136039,3.27294304613848,0.760286483397574,2.43750441089342,2.19413338476655,0.441832752279039,5.17347824516744,3.11351530921037,3.64414356027254,3.120895416508,0.93826963859293,2.34607020493378,3.79361477437784,0,2.22762205452059,1.44691898293633,3.88270861775937,0.882389180198474,1.60386686738465,2.02228312783989,3.66640659826188,2.41789593950504,1.89711998488588,2.44716632180515,3.84659520010569,1.34373474670109,3.03388403951837,3.8642323415918,1.49165487677772,0.245122458032985,1.89711998488588,1.66875448959052,3.66356164612965,0.785928914010912,3.6071570958761,1.07992015565596,1.55814461804655,1.65822807660353,4.90177070394712,1.04145387482816,3.68887945411394,0.747214401830221,1.83701606081618,2.56066669566954,1.52846884990043,1.51634748936809,4.08737589290601,1.62048774862069,4.308185720874,2.08290774965632,2.57979586557853,3.88898180628145,2.45196249406865,3.83045135173433,0.328504066972036,3.28860916288288,2.10345641788371,4.51603534392025,5.81587031106345,5.00282711164844,3.58967280403049,4.23772314506745,4.9416424226093,4.32597055421765,4.46367062371439,5.77135458425237,1.90127799503455,2.11357454804929,4.37575702166029,4.8522472542644,3.01635156075673,0
